{
    "baseline_metrics": {
        "accuracy": 0.9361702127659575,
        "precision": 0.9393939393939394,
        "recall": 0.8157894736842105,
        "f1_score": 0.8732394366197183,
        "threshold": 0.5
    },
    "optimized_metrics": {
        "accuracy": 0.9574468085106383,
        "precision": 0.9,
        "recall": 0.9473684210526315,
        "f1_score": 0.9230769230769231,
        "threshold": 0.5
    },
    "training_info": {
        "train_samples": 563,
        "test_samples": 141,
        "features_used": [
            "A1_Score",
            "A2_Score",
            "A3_Score",
            "A4_Score",
            "A5_Score",
            "A6_Score",
            "A7_Score",
            "A8_Score",
            "A9_Score",
            "A10_Score",
            "age",
            "gender_encoded"
        ],
        "class_distribution": {
            "no_tea": 515,
            "tea": 189
        }
    }
}